{
    "users": [
        {
            "id": "1",
            "name": "Albin Jaye"
        },
        {
            "id": "2",
            "name": "Dipika Crescentia"
        },
        {
            "id": "3",
            "name": "Ankit Sacnite"
        },
        {
            "id": "4",
            "name": "Galenos Neville"
        },
        {
            "id": "5",
            "name": "Loviise Nagib"
        },
        {
            "id": "6",
            "name": "Ryo Daiki"
        },
        {
            "id": "7",
            "name": "Seyyit Nedim"
        }
    ],
    "playlists": [
        {
            "id": "2",
            "user_id": "3",
            "song_ids": [
                "6",
                "8",
                "11",
                "38",
                "39",
                "40"
            ]
        },
        {
            "id": "10",
            "user_id": "1",
            "song_ids": [
                "1",
                "2",
                "3"
            ]
        },
        {
            "id": "1",
            "user_id": "2",
            "song_ids": [
                "8",
                "32"
            ]
        }
    ],
    "songs": [
        {
            "id": "11",
            "artist": "Shawn Mendes",
            "title": "In My Blood"
        },
        {
            "id": "28",
            "artist": "Max",
            "title": "Lights Down Low"
        },
        {
            "id": "30",
            "artist": "5 Seconds Of Summer",
            "title": "Want You Back"
        },
        {
            "id": "6",
            "artist": "Imagine Dragons",
            "title": "Whatever It Takes"
        },
        {
            "id": "19",
            "artist": "Dua Lipa",
            "title": "IDGAF"
        },
        {
            "id": "33",
            "artist": "Drake",
            "title": "Nice For What"
        },
        {
            "id": "7",
            "artist": "Maroon 5",
            "title": "Wait"
        },
        {
            "id": "39",
            "artist": "Liam Payne",
            "title": "Familiar"
        },
        {
            "id": "16",
            "artist": "G-Eazy",
            "title": "Him \u0026 I"
        },
        {
            "id": "23",
            "artist": "Meghan Trainor",
            "title": "No Excuses"
        },
        {
            "id": "34",
            "artist": "Halsey",
            "title": "Bad At Love"
        },
        {
            "id": "35",
            "artist": "ZAYN",
            "title": "Let Me"
        },
        {
            "id": "36",
            "artist": "Khalid",
            "title": "Love Lies"
        },
        {
            "id": "12",
            "artist": "Post Malone",
            "title": "Psycho"
        },
        {
            "id": "2",
            "artist": "Zedd",
            "title": "The Middle"
        },
        {
            "id": "8",
            "artist": "Bazzi",
            "title": "Mine"
        },
        {
            "id": "13",
            "artist": "Ariana Grande",
            "title": "No Tears Left To Cry"
        },
        {
            "id": "22",
            "artist": "Ed Sheeran",
            "title": "Perfect"
        },
        {
            "id": "24",
            "artist": "Niall Horan",
            "title": "On The Loose"
        },
        {
            "id": "32",
            "artist": "Logic",
            "title": "Everyday"
        },
        {
            "id": "1",
            "artist": "Camila Cabello",
            "title": "Never Be the Same"
        },
        {
            "id": "17",
            "artist": "Lauv",
            "title": "I Like Me Better"
        },
        {
            "id": "18",
            "artist": "NF",
            "title": "Let You Down"
        },
        {
            "id": "25",
            "artist": "Halsey",
            "title": "Alone"
        },
        {
            "id": "26",
            "artist": "Charlie Puth",
            "title": "Done For Me"
        },
        {
            "id": "9",
            "artist": "Marshmello",
            "title": "FRIENDS"
        },
        {
            "id": "14",
            "artist": "Bruno Mars",
            "title": "Finesse"
        },
        {
            "id": "15",
            "artist": "Kendrick Lamar",
            "title": "All The Stars"
        },
        {
            "id": "20",
            "artist": "Taylor Swift",
            "title": "Delicate"
        },
        {
            "id": "37",
            "artist": "Post Malone",
            "title": "rockstar"
        },
        {
            "id": "38",
            "artist": "Rudimental",
            "title": "These Days"
        },
        {
            "id": "5",
            "artist": "Bebe Rexha",
            "title": "Meant to Be"
        },
        {
            "id": "4",
            "artist": "Drake",
            "title": "God's Plan"
        },
        {
            "id": "10",
            "artist": "Dua Lipa",
            "title": "New Rules"
        },
        {
            "id": "21",
            "artist": "Calvin Harris",
            "title": "One Kiss"
        },
        {
            "id": "27",
            "artist": "Foster The People",
            "title": "Sit Next to Me"
        },
        {
            "id": "29",
            "artist": "Alice Merton",
            "title": "No Roots"
        },
        {
            "id": "31",
            "artist": "Camila Cabello",
            "title": "Havana"
        },
        {
            "id": "40",
            "artist": "Imagine Dragons",
            "title": "Thunder"
        },
        {
            "id": "3",
            "artist": "The Weeknd",
            "title": "Pray For Me"
        }
    ]
}